label,text
1,请问这瓶拉菲红酒的价格是多少？
1,这款玛歌红酒的售价是多少？
1,我想知道罗曼尼康帝的价格。
1,柏图斯现在的市场价是多少？
1,作品一号的价格是多少？
1,木桐红酒卖多少钱？
1,尖叫鹰的售价是多少？
1,伊甘酒庄的这款酒价格是多少？
1,奔富葛兰许的价位如何？
1,西施佳雅的价格贵吗？
1,这瓶天娜红酒多少钱？
1,贝加西利亚的价格能告诉我吗？
1,嘉雅巴巴莱斯科的售价是多少？
1,侯伯王红酒的价格是多少？
1,拉图红酒卖多少钱？
1,乐王吉现在的价格是多少？
1,阿玛维雅的价格是多少？
1,菲尔普斯传世珍酿的售价是多少？
1,伊瑟尔酒园的这款酒卖多少钱？
1,碧尚男爵价格贵吗？
1,塔特红酒多少钱？
1,爱士图尔的售价是多少？
1,梦玫瑰的这款酒价格是多少？
1,达尔图酒庄的价格是多少？
1,贝尔优酒庄多少钱？
1,柏菲酒庄的这瓶酒价格是多少？
1,靓茨伯酒庄的售价是多少？
1,鲁臣世家的价格是多少？
1,宝嘉龙的这款酒多少钱？
1,都夏美隆的价格是多少？
1,塔尔博卖多少钱？
1,白马庄的价格是多少？
1,姬斯库酒庄的售价是多少？
1,坎特纳克的价位如何？
1,拉格朗酒庄的这款酒多少钱？
1,拉萨尔酒庄的售价是多少？
1,请告诉我拉菲红酒的价格。
1,玛歌红酒的价格是多少？
1,罗曼尼康帝的市场价是多少？
1,柏图斯卖多少钱？
1,作品一号的价位是多少？
1,木桐红酒价格是多少？
1,尖叫鹰的这瓶酒多少钱？
1,伊甘酒庄的售价是多少？
1,奔富葛兰许价格贵吗？
1,西施佳雅现在卖多少钱？
1,天娜红酒的价格是多少？
1,贝加西利亚的市场价是多少？
1,嘉雅巴巴莱斯科多少钱？
1,侯伯王红酒的售价是多少？
1,拉图红酒现在多少钱？
1,乐王吉的这款酒价格是多少？
1,阿玛维雅的价格是多少？
1,菲尔普斯传世珍酿的市场价是多少？
1,伊瑟尔酒园多少钱？
1,碧尚男爵的价格是多少？
1,塔特红酒卖多少钱？
1,爱士图尔的售价是多少？
1,梦玫瑰的这瓶酒价格是多少？
1,达尔图酒庄的价位是多少？
1,贝尔优酒庄多少钱？
1,柏菲酒庄的市场价是多少？
1,靓茨伯酒庄现在卖多少钱？
1,鲁臣世家的价格是多少？
1,宝嘉龙的售价是多少？
1,都夏美隆这瓶酒价格是多少？
1,塔尔博的价位如何？
1,白马庄卖多少钱？
1,姬斯库酒庄的售价是多少？
1,坎特纳克的价格是多少？
1,拉格朗酒庄的市场价是多少？
1,拉萨尔酒庄的这款酒多少钱？
1,请告诉我这瓶拉菲红酒的价位。
1,玛歌红酒卖多少钱？
1,罗曼尼康帝的价格是多少？
1,柏图斯多少钱？
1,作品一号的售价是多少？
1,木桐红酒的价格贵吗？
1,尖叫鹰多少钱？
1,伊甘酒庄的市场价是多少？
1,奔富葛兰许卖多少钱？
1,西施佳雅的价格是多少？
1,天娜红酒的这瓶酒价格是多少？
1,贝加西利亚多少钱？
1,嘉雅巴巴莱斯科的售价是多少？
1,侯伯王红酒现在多少钱？
1,拉图红酒的价位如何？
1,乐王吉卖多少钱？
1,阿玛维雅的价格是多少？
1,菲尔普斯传世珍酿的售价是多少？
1,伊瑟尔酒园的价格是多少？
1,碧尚男爵的市场价是多少？
1,塔特红酒多少钱？
1,爱士图尔卖多少钱？
1,梦玫瑰这瓶酒的价位是多少？
1,达尔图酒庄的价格是多少？
1,贝尔优酒庄的售价是多少？
1,柏菲酒庄的市场价是多少？
1,靓茨伯酒庄卖多少钱？
1,鲁臣世家的价位如何？
2,这瓶拉菲红酒的口感如何？
2,玛歌红酒的口感是什么样的？
2,罗曼尼康帝喝起来是什么味道？
2,柏图斯的口感偏向什么风味？
2,作品一号的口感如何？
2,木桐红酒的口感偏甜吗？
2,尖叫鹰喝起来是什么感觉？
2,伊甘酒庄的这款酒口感如何？
2,奔富葛兰许的口感偏酸还是偏甜？
2,西施佳雅的口感丰富吗？
2,天娜红酒是什么样的口感？
2,贝加西利亚的口感能描述一下吗？
2,嘉雅巴巴莱斯科喝起来如何？
2,侯伯王红酒的口感偏浓吗？
2,拉图红酒喝起来是什么味道？
2,乐王吉的口感怎么样？
2,阿玛维雅的口感能描述一下吗？
2,菲尔普斯传世珍酿的口感如何？
2,伊瑟尔酒园的酒喝起来有什么感觉？
2,碧尚男爵的口感如何？
2,塔特红酒的口感描述是怎样的？
2,爱士图尔的口感偏甜吗？
2,梦玫瑰的口感有什么特别之处？
2,达尔图酒庄的酒口感如何？
2,贝尔优酒庄的口感如何？
2,柏菲酒庄的这瓶酒喝起来什么味道？
2,靓茨伯酒庄的口感描述是怎样的？
2,鲁臣世家的口感偏柔和吗？
2,宝嘉龙喝起来是什么感觉？
2,都夏美隆的口感如何？
2,塔尔博喝起来有什么特别之处？
2,白马庄的口感描述是怎样的？
2,姬斯库酒庄的酒口感如何？
2,坎特纳克的口感偏重吗？
2,拉格朗酒庄的这款酒喝起来如何？
2,拉萨尔酒庄的口感如何？
2,拉菲红酒的口感偏浓郁吗？
2,玛歌红酒喝起来是什么味道？
2,罗曼尼康帝的口感描述是怎样的？
2,柏图斯是什么口感？
2,作品一号的口感有层次感吗？
2,木桐红酒的口感如何？
2,尖叫鹰的味道偏甜还是偏酸？
2,伊甘酒庄的口感描述是什么？
2,奔富葛兰许喝起来怎么样？
2,西施佳雅的口感偏酸吗？
2,天娜红酒的味道是怎样的？
2,贝加西利亚的口感能描述一下吗？
2,嘉雅巴巴莱斯科的口感如何？
2,侯伯王红酒喝起来是什么样的？
2,拉图红酒的口感浓郁吗？
2,乐王吉的口感偏甜吗？
2,阿玛维雅的口感有花香吗？
2,菲尔普斯传世珍酿的味道如何？
2,伊瑟尔酒园的口感如何？
2,碧尚男爵喝起来是什么样的？
2,塔特红酒的口感描述是怎样的？
2,爱士图尔的口感能形容一下吗？
2,梦玫瑰的口感有什么特别的吗？
2,达尔图酒庄的酒味道如何？
2,贝尔优酒庄喝起来是什么感觉？
2,柏菲酒庄的口感偏甜吗？
2,靓茨伯酒庄的口感如何？
2,鲁臣世家的味道如何？
2,宝嘉龙喝起来是什么样的？
2,都夏美隆的口感描述是怎样的？
2,塔尔博的味道如何？
2,白马庄的口感偏浓吗？
2,姬斯库酒庄的口感是什么样的？
2,坎特纳克的味道偏浓郁吗？
2,拉格朗酒庄的口感如何？
2,拉萨尔酒庄喝起来有什么感觉？
2,拉菲红酒的口感怎么样？
2,玛歌红酒是什么味道？
2,罗曼尼康帝的口感如何？
2,柏图斯的味道是怎样的？
2,作品一号的口感描述一下。
2,木桐红酒喝起来偏甜吗？
2,尖叫鹰的味道如何？
2,伊甘酒庄的口感有什么特别之处？
2,奔富葛兰许的口感如何？
2,西施佳雅的味道偏甜吗？
2,天娜红酒喝起来是什么感觉？
2,贝加西利亚的口感是什么样的？
2,嘉雅巴巴莱斯科的味道如何？
2,侯伯王红酒的口感描述一下。
2,拉图红酒的味道浓郁吗？
2,乐王吉的口感如何？
2,阿玛维雅的口感描述是怎样的？
2,菲尔普斯传世珍酿的味道如何？
2,伊瑟尔酒园喝起来是什么感觉？
2,碧尚男爵的口感偏酸吗？
2,塔特红酒的味道如何？
2,爱士图尔的口感是什么样的？
2,梦玫瑰的味道有什么特别吗？
2,达尔图酒庄的口感描述一下。
2,贝尔优酒庄的味道偏酸吗？
2,柏菲酒庄的口感如何？
2,靓茨伯酒庄喝起来是什么味道？
2,鲁臣世家的口感有什么特别的吗？
3,这瓶拉菲红酒是哪一年的？
3,玛歌红酒的年份是多少？
3,罗曼尼康帝是哪一年出产的？
3,柏图斯的生产年份是哪个？
3,作品一号是哪一年的酒？
3,木桐红酒是哪一年的？
3,尖叫鹰的年份是多少？
3,伊甘酒庄的这款酒是哪一年生产的？
3,奔富葛兰许是哪一年的酒？
3,西施佳雅的年份是什么时候？
3,天娜红酒是哪一年的？
3,贝加西利亚的年份是多少？
3,嘉雅巴巴莱斯科是哪一年产的？
3,侯伯王红酒是哪一年出产的？
3,拉图红酒的年份是哪个？
3,乐王吉的生产年份是多少？
3,阿玛维雅是哪一年的？
3,菲尔普斯传世珍酿的年份是什么？
3,伊瑟尔酒园的酒是哪一年的？
3,碧尚男爵是哪一年的酒？
3,塔特红酒的年份是哪个？
3,爱士图尔是哪一年的？
3,梦玫瑰的年份是多少？
3,达尔图酒庄的这款酒是哪一年产的？
3,贝尔优酒庄的年份是多少？
3,柏菲酒庄的酒是哪一年产的？
3,靓茨伯酒庄的年份是什么时候？
3,鲁臣世家的年份是多少？
3,宝嘉龙是哪一年出产的？
3,都夏美隆的年份是哪个？
3,塔尔博是哪一年的酒？
3,白马庄的年份是多少？
3,姬斯库酒庄的酒是哪一年产的？
3,坎特纳克的年份是多少？
3,拉格朗酒庄的这款酒是哪一年出产的？
3,拉萨尔酒庄的年份是多少？
3,请问拉菲红酒的年份是多少？
3,玛歌红酒是哪一年的？
3,罗曼尼康帝的年份是多少？
3,柏图斯是哪一年产的？
3,作品一号的生产年份是哪个？
3,木桐红酒的年份是多少？
3,尖叫鹰是哪一年的酒？
3,伊甘酒庄的年份是哪个？
3,奔富葛兰许是哪一年产的？
3,西施佳雅是哪一年生产的？
3,天娜红酒是哪一年的？
3,贝加西利亚的年份是哪个？
3,嘉雅巴巴莱斯科是哪一年产的？
3,侯伯王红酒的年份是多少？
3,拉图红酒是哪一年出产的？
3,乐王吉是哪一年的酒？
3,阿玛维雅的年份是多少？
3,菲尔普斯传世珍酿是哪一年生产的？
3,伊瑟尔酒园是哪一年产的？
3,碧尚男爵的生产年份是多少？
3,塔特红酒是哪一年产的？
3,爱士图尔的年份是哪个？
3,梦玫瑰的生产年份是多少？
3,达尔图酒庄是哪一年出产的？
3,贝尔优酒庄是哪一年产的？
3,柏菲酒庄的年份是多少？
3,靓茨伯酒庄是哪一年产的？
3,鲁臣世家的年份是哪个？
3,宝嘉龙是哪一年出产的？
3,都夏美隆的年份是多少？
3,塔尔博的年份是哪一年？
3,白马庄是哪一年的？
3,姬斯库酒庄的年份是多少？
3,坎特纳克是哪一年产的？
3,拉格朗酒庄的生产年份是多少？
3,拉萨尔酒庄是哪一年出产的？
3,这瓶拉菲红酒是哪一年的？
3,玛歌红酒的生产年份是哪个？
3,罗曼尼康帝是哪一年产的？
3,柏图斯的年份是哪个？
3,作品一号是哪一年生产的？
3,木桐红酒的年份是多少？
3,尖叫鹰是哪一年产的？
3,伊甘酒庄的生产年份是多少？
3,奔富葛兰许是哪一年的酒？
3,西施佳雅的年份是哪个？
3,天娜红酒是哪一年出产的？
3,贝加西利亚是哪一年的？
3,嘉雅巴巴莱斯科的年份是多少？
3,侯伯王红酒是哪一年产的？
3,拉图红酒的生产年份是多少？
3,乐王吉是哪一年出产的？
3,阿玛维雅是哪一年产的？
3,菲尔普斯传世珍酿的年份是哪个？
3,伊瑟尔酒园是哪一年生产的？
3,碧尚男爵的年份是多少？
3,塔特红酒是哪一年产的？
3,爱士图尔的年份是多少？
3,梦玫瑰的生产年份是哪个？
3,达尔图酒庄是哪一年产的？
3,贝尔优酒庄的年份是多少？
3,柏菲酒庄是哪一年出产的？
3,靓茨伯酒庄的年份是哪个？
3,鲁臣世家的年份是多少？